2017-02-22,J7878788,Yahya,Irfan,Marciar,Yasee,2014-12-12,2017-12-12,1985-12-12,2,Al Daghya,Ayal Nasser,Deira,Dubai,IS,submitted,Dubai,New Passport,Top Urgent,299,jh,jhg,Singapore,1,Indian,5046323,Arsalan@leopards.com,hg,104
2017-02-22,J7878788,Rasheed,Irfan,Marciar,naina,2014-12-12,2017-12-12,1985-12-12,2,Al Daghya,Ayal Nasser,Deira,Dubai,IS,submitted,Dubai,New Passport,Top Urgent,299,jh,jhg,Singapore,1,Indian,5046323,hussain@gmaill.com,hg,104
2017-02-22,J7878788,Rasheed,Irfan,Marciar,naina,2014-12-12,2017-12-12,1985-12-12,2,Al Daghya,Ayal Nasser,Deira,Dubai,IS,submitted,Dubai,New Passport,Top Urgent,299,jh,jhg,Singapore,1,Indian,5046323,haroon@gmail.com,hg,104
2017-02-22,J7878788,Yahya,Irfan,Marciar,Yasee,2014-12-12,2017-12-12,1985-12-12,2,Al Daghya,Ayal Nasser,Deira,Dubai,IS,submitted,Dubai,New Passport,Top Urgent,299,jh,jhg,Singapore,1,Indian,5046323,Arsalan@leopards.com,hg,104
2017-02-22,J7878788,Yahya,Irfan,Marciar,Yasee,2014-12-12,2017-12-12,1985-12-12,2,Al Daghya,Ayal Nasser,Deira,Dubai,IS,submitted,Dubai,New Passport,Top Urgent,299,jh,jhg,Singapore,1,Indian,5046323,Arsalan@leopards.com,hg,104
2017-02-22,J7878788,Yahya,Irfan,Marciar,Yasee,2014-12-12,2017-12-12,1985-12-12,2,Al Daghya,Ayal Nasser,Deira,Dubai,IS,submitted,Dubai,New Passport,Top Urgent,299,jh,jhg,Singapore,1,Indian,5046323,Arsalan@leopards.com,hg,104
2017-02-22,J7878788,Rasheed,Irfan,Marciar,naina,2014-12-12,2017-12-12,1985-12-12,2,Al Daghya,Ayal Nasser,Deira,Dubai,IS,submitted,Dubai,New Passport,Top Urgent,299,jh,jhg,Singapore,1,Indian,5046323,hussain@gmail.com,hg,104
2017-02-22,J7878788,Yahya,Irfan,Marciar,Yasee,2014-12-12,2017-12-12,1985-12-12,2,Al Daghya,Ayal Nasser,Deira,Dubai,IS,submitted,Dubai,New Passport,Top Urgent,299,jh,jhg,Singapore,1,Indian,5046323,Arsalan@leopards.com,hg,104
2017-02-22,J7878788,Rasheed,Irfan,Marciar,naina,2014-12-12,2017-12-12,1985-12-12,2,Al Daghya,Ayal Nasser,Deira,Dubai,IS,submitted,Dubai,New Passport,Top Urgent,299,jh,jhg,Singapore,1,Indian,5046323,Arsalan@leopards.com,hg,104
2017-02-22,J7878788,Yahya,Irfan,Marciar,Yasee,2014-12-12,2017-12-12,1985-12-12,2,Al Daghya,Ayal Nasser,Deira,Dubai,IS,submitted,Dubai,New Passport,Top Urgent,299,jh,jhg,Singapore,1,Indian,5046323,Arsalan@leopards.com,hg,104
2017-02-22,J7878788,Rasheed,Irfan,Marciar,naina,2014-12-12,2017-12-12,1985-12-12,2,Al Daghya,Ayal Nasser,Deira,Dubai,IS,submitted,Dubai,New Passport,Top Urgent,299,jh,jhg,Singapore,1,Indian,5046323,Arsalan@leopards.com,hg,104
2017-02-22,J7878788,Yahya,Irfan,Marciar,Yasee,2014-12-12,2017-12-12,1985-12-12,2,Al Daghya,Ayal Nasser,Deira,Dubai,IS,submitted,Dubai,New Passport,Top Urgent,299,jh,jhg,Singapore,1,Indian,5046323,Arsalan@leopards.com,hg,104
2017-02-22,J7878788,Rasheed,Irfan,Marciar,naina,2014-12-12,2017-12-12,1985-12-12,2,Al Daghya,Ayal Nasser,Deira,Dubai,IS,submitted,Dubai,New Passport,Top Urgent,299,jh,jhg,Singapore,1,Indian,5046323,Arsalan@leopards.com,hg,104
2017-02-22,J7878788,Rasheed,Irfan,Marciar,naina,2014-12-12,2017-12-12,1985-12-12,2,Al Daghya,Ayal Nasser,Deira,Dubai,IS,submitted,Dubai,New Passport,Top Urgent,299,jh,jhg,Singapore,1,Indian,5046323,Arsalan@leopards.com,hg,104
2017-02-22,J7878788,Rasheed,Irfan,Marciar,naina,2014-12-12,2017-12-12,1985-12-12,2,Al Daghya,Ayal Nasser,Deira,Dubai,IS,submitted,Dubai,New Passport,Top Urgent,299,jh,jhg,Singapore,1,Indian,5046323,Arsalan@leopards.com,hg,104

